{
  "cut_timestamps": [
    5.233333,
    6.333333,
    7.733333,
    8.7,
    9.433333,
    12.333333,
    25.733333,
    26.933333,
    52.7,
    54.466667,
    59.633333,
    60.566667,
    62.2,
    63.333333,
    64.3,
    65.166667,
    89.133333,
    90.033333,
    90.466667,
    91.033333,
    91.4,
    92.1,
    92.333333,
    93.166667
  ],
  "cut_count": 24
}