{
  "cut_timestamps": [
    1.101101,
    2.535869,
    4.304304,
    5.405405,
    7.240574,
    8.108108,
    8.308308,
    10.01001,
    12.212212,
    12.712713,
    15.782449,
    28.695362,
    32.198866,
    32.699366,
    39.339339,
    43.443443,
    45.478812,
    46.246246,
    46.746747,
    47.347347,
    50.45045,
    57.724391,
    60.16016,
    60.860861,
    62.495829,
    63.229897,
    64.831498,
    65.632299,
    74.174174,
    76.609943,
    85.485485,
    86.65332,
    87.087087,
    87.620954,
    88.488488,
    88.755422
  ],
  "cut_count": 36
}