{
  "cut_timestamps": [
    0.8,
    1.7,
    2.166667,
    2.533333,
    3.1,
    3.633333,
    4.566667,
    5.266667,
    7.2,
    7.8,
    9.833333,
    22.3,
    37.733333,
    39.366667,
    44.0,
    45.033333,
    46.7,
    48.3,
    50.166667,
    51.5,
    55.566667,
    55.9,
    59.0,
    60.833333,
    62.033333,
    63.633333,
    64.3,
    66.266667,
    66.866667,
    69.566667,
    80.3,
    83.066667,
    84.0,
    84.7,
    89.166667,
    90.333333,
    90.633333,
    92.066667,
    92.6,
    95.033333,
    103.866667,
    104.166667,
    104.4,
    105.233333,
    105.6,
    108.866667,
    119.2,
    127.8,
    129.033333,
    129.666667,
    130.0,
    130.4,
    131.133333,
    131.4,
    131.5
  ],
  "cut_count": 55
}