{
  "cut_timestamps": [
    0.566667,
    1.433333,
    1.933333,
    2.366667,
    2.966667,
    3.966667,
    4.666667,
    5.133333,
    7.1,
    7.9,
    9.633333,
    10.733333,
    11.566667,
    12.666667,
    13.433333,
    14.2,
    15.5,
    15.933333,
    17.533333,
    19.433333,
    21.733333,
    22.933333,
    23.766667,
    24.9,
    25.533333,
    26.766667,
    30.833333,
    32.1,
    32.8,
    33.333333,
    35.466667,
    36.3,
    38.133333,
    38.433333,
    40.066667,
    40.433333,
    41.133333,
    41.6,
    43.466667,
    44.466667,
    46.3,
    47.033333,
    47.466667,
    48.433333,
    49.1,
    51.033333,
    51.966667,
    52.7,
    53.566667,
    54.3,
    56.3,
    66.433333,
    67.566667,
    68.3,
    70.366667,
    71.4,
    71.9,
    73.333333,
    79.533333,
    80.2,
    82.7,
    84.033333,
    86.366667,
    87.966667,
    89.066667,
    92.8,
    94.0,
    94.833333,
    95.833333,
    96.333333,
    97.233333,
    97.5,
    97.866667,
    98.866667,
    106.333333,
    107.333333,
    107.666667,
    108.7,
    109.8,
    111.3,
    111.866667,
    115.6,
    116.133333,
    117.133333,
    120.833333,
    121.666667,
    122.733333,
    123.466667,
    123.866667,
    124.7,
    125.966667
  ],
  "cut_count": 91
}