{
  "cut_timestamps": [
    0.533333,
    1.0,
    1.366667,
    1.833333,
    2.333333,
    2.733333,
    3.8,
    5.2,
    6.2,
    10.0,
    11.766667,
    12.4,
    12.966667,
    14.466667,
    15.1,
    15.9,
    17.433333,
    18.366667,
    18.733333,
    19.366667,
    21.266667,
    22.266667,
    22.733333,
    24.8,
    26.633333,
    27.1,
    28.4,
    28.866667,
    32.533333,
    33.066667,
    33.533333,
    34.1,
    37.133333,
    37.433333,
    38.933333,
    41.033333,
    42.566667,
    43.466667,
    44.6,
    44.866667,
    45.266667,
    45.933333,
    48.133333,
    49.166667,
    53.6,
    54.133333,
    55.233333,
    56.266667,
    58.033333,
    58.633333,
    60.3,
    60.9,
    61.333333,
    62.633333,
    63.633333,
    64.466667,
    70.0,
    70.6,
    71.333333,
    73.766667,
    74.433333,
    75.266667,
    79.633333,
    81.466667,
    82.433333,
    84.0,
    84.566667,
    84.933333,
    85.3,
    88.166667,
    95.466667,
    96.6,
    97.266667,
    98.3,
    98.966667,
    99.7,
    102.833333,
    105.166667,
    105.533333,
    107.133333,
    117.666667,
    119.0,
    121.7,
    122.533333,
    123.766667,
    124.2
  ],
  "cut_count": 86
}