{
  "cut_timestamps": [
    0.500501,
    1.034368,
    1.334668,
    1.768435,
    2.235569,
    2.635969,
    3.303303,
    4.304304,
    5.739072,
    8.241575,
    8.575242,
    8.975642,
    9.542876,
    10.11011,
    10.844178,
    11.845179,
    12.912913,
    13.813814,
    14.547881,
    15.181849,
    15.749082,
    16.549883,
    17.517518,
    19.285953,
    20.253587,
    20.887554,
    21.287955,
    22.155489,
    22.85619,
    23.223223,
    25.125125,
    33.800467,
    34.267601,
    35.368702,
    37.904571,
    40.34034,
    41.107774,
    43.309977,
    45.512179,
    58.892226,
    59.75976,
    60.860861,
    61.261261,
    61.761762,
    64.564565,
    74.074074,
    74.574575,
    75.008342,
    76.009343,
    77.277277,
    77.610944,
    77.911245,
    78.511845,
    80.08008,
    81.915249,
    84.117451,
    86.019353,
    86.786787,
    88.788789,
    89.656323,
    90.357024,
    92.692693,
    94.327661,
    95.028362,
    95.628962,
    96.196196,
    97.097097,
    97.764431,
    98.765432,
    99.199199,
    102.335669,
    107.974641,
    109.075742,
    109.576243,
    110.41041
  ],
  "cut_count": 75
}