{
  "cut_timestamps": [
    0.900901,
    2.168836,
    2.435769,
    3.470137,
    3.870537,
    4.771438,
    5.171839,
    6.239573,
    7.340674,
    7.941275,
    8.875542,
    11.311311,
    12.312312,
    12.912913,
    13.64698,
    14.647981,
    16.349683,
    17.250584,
    18.151485,
    20.053387,
    20.553887,
    22.355689,
    24.290958,
    25.959293,
    27.09376,
    28.595262,
    29.662996,
    30.930931,
    32.365699,
    33.967301,
    34.934935,
    36.80347,
    37.837838,
    40.04004,
    44.544545,
    45.245245,
    45.779112,
    46.346346,
    47.380714,
    50.684017,
    51.351351,
    54.454454,
    63.39673,
    65.131798,
    66.399733,
    76.710043,
    79.312646,
    80.08008,
    82.282282,
    83.083083,
    83.483483,
    85.485485,
    86.886887,
    88.121455,
    90.056723,
    96.029363,
    99.6997,
    100.133467,
    106.806807,
    107.874541,
    108.308308,
    109.50951,
    110.276944,
    111.644978,
    112.412412,
    113.213213
  ],
  "cut_count": 66
}