{
  "cut_timestamps": [
    0.700701,
    1.067734,
    1.468135,
    1.801802,
    2.235569,
    2.569236,
    3.937271,
    4.504505,
    5.672339,
    6.67334,
    7.874541,
    10.243577,
    12.345679,
    13.34668,
    14.981648,
    18.351685,
    18.885552,
    20.053387,
    22.222222,
    23.089756,
    23.990657,
    24.591258,
    25.258592,
    29.162496,
    30.43043,
    39.63964,
    40.306974,
    50.950951,
    51.885219,
    52.385719,
    52.88622,
    53.48682,
    54.821488,
    55.321989,
    56.656657,
    57.624291,
    58.658659,
    59.459459,
    62.99633,
    68.234902,
    70.27027,
    71.738405,
    72.772773,
    74.941608,
    77.477477,
    86.286286,
    87.721054,
    92.392392,
    94.728061,
    99.933267,
    103.13647,
    111.878545,
    114.814815,
    115.582249,
    116.616617,
    117.417417,
    118.018018,
    118.752085
  ],
  "cut_count": 58
}