{
  "cut_timestamps": [
    0.600601,
    1.034368,
    1.334668,
    1.835169,
    2.235569,
    2.869536,
    3.13647,
    3.570237,
    4.170838,
    4.637971,
    5.305305,
    6.57324,
    7.273941,
    7.474141,
    8.208208,
    8.575242,
    9.209209,
    10.777444,
    13.013013,
    17.350684,
    20.653987,
    22.122122,
    22.889556,
    23.957291,
    26.226226,
    26.960294,
    27.360694,
    27.694361,
    28.228228,
    28.828829,
    29.062396,
    29.362696,
    29.62963,
    30.730731,
    33.400067,
    33.833834,
    34.167501,
    35.502169,
    36.870204,
    38.805472,
    39.339339,
    39.773106,
    40.540541,
    41.841842,
    43.410077,
    44.711378,
    45.745746,
    48.248248,
    49.516183,
    49.816483,
    55.822489,
    58.358358,
    59.392726,
    62.128795,
    71.438105,
    72.305639,
    72.90624,
    75.175175,
    79.312646,
    79.846513,
    80.213547,
    81.181181,
    82.716049,
    85.552219,
    86.586587,
    87.120454,
    88.154821,
    88.988989,
    91.391391,
    91.958625
  ],
  "cut_count": 70
}