{
  "cut_timestamps": [
    0.333667,
    0.867534,
    1.301301,
    1.735068,
    2.902903,
    3.603604,
    4.971638,
    5.605606,
    7.540874,
    8.308308,
    9.009009,
    9.843177,
    11.745078,
    12.345679,
    13.513514,
    15.048382,
    16.216216,
    17.450784,
    18.385052,
    20.787454,
    22.922923,
    23.55689,
    23.857191,
    26.526527,
    31.798465,
    32.399066,
    35.735736,
    38.071405,
    38.905572,
    41.107774,
    42.308976,
    43.309977,
    49.215883,
    51.785118,
    54.888222,
    56.289623,
    63.863864,
    64.564565,
    65.098432,
    65.732399,
    69.703036,
    70.670671,
    71.104438,
    72.205539,
    86.85352,
    87.787788,
    90.824157,
    91.725058,
    92.325659,
    93.293293,
    94.461128,
    96.296296,
    111.311311,
    112.345679,
    116.149483,
    117.917918
  ],
  "cut_count": 56
}