{
  "cut_timestamps": [
    0.633967,
    1.201201,
    1.601602,
    2.035369,
    3.73707,
    4.070737,
    4.537871,
    5.205205,
    6.206206,
    6.77344,
    8.441775,
    9.50951,
    10.276944,
    10.877544,
    11.745078,
    11.978645,
    12.84618,
    13.079746,
    15.148482,
    16.38305,
    21.121121,
    23.023023,
    23.75709,
    25.225225,
    26.19286,
    27.160494,
    28.228228,
    29.396063,
    29.763096,
    30.13013,
    32.665999,
    33.333333,
    33.833834,
    34.267601,
    36.236236,
    37.504171,
    37.937938,
    38.271605,
    38.672005,
    40.306974,
    47.814481,
    50.517184,
    51.918585,
    56.656657,
    57.524191,
    60.06006,
    62.028695,
    63.09643,
    63.630297,
    68.601935,
    69.302636,
    70.103437,
    71.838505,
    72.872873,
    73.440107,
    74.140807,
    74.808141,
    75.775776,
    76.910244,
    78.511845,
    80.246914,
    86.019353,
    86.519853,
    95.195195,
    96.229563,
    96.96363,
    97.764431,
    98.531865,
    99.332666,
    100.166834,
    100.867534
  ],
  "cut_count": 71
}