{
  "cut_timestamps": [
    2.333333,
    2.6,
    3.166667,
    3.966667,
    4.233333,
    4.733333,
    5.533333,
    5.866667,
    6.433333,
    7.0,
    7.733333,
    8.266667,
    9.766667,
    10.1,
    10.233333,
    11.433333,
    12.2,
    13.2,
    13.533333,
    14.0,
    14.433333,
    15.333333,
    16.233333,
    18.5,
    19.833333,
    20.266667,
    21.033333,
    23.766667,
    24.966667,
    26.266667,
    27.533333,
    27.933333,
    28.7,
    29.266667,
    31.266667,
    32.033333,
    33.633333,
    37.233333,
    38.033333,
    39.966667,
    40.433333,
    43.6,
    49.266667,
    50.466667,
    54.6,
    56.3,
    59.866667,
    61.066667,
    63.9,
    65.8,
    72.866667,
    73.4,
    74.1,
    74.9,
    75.666667,
    76.666667,
    77.733333,
    80.566667,
    81.6,
    87.2,
    88.1,
    88.533333,
    89.266667,
    90.0,
    92.033333,
    92.866667,
    94.4,
    94.966667,
    99.266667,
    100.4,
    100.966667,
    102.0,
    102.7,
    103.333333,
    104.1,
    105.533333,
    106.7,
    108.266667,
    113.466667,
    114.6,
    116.133333
  ],
  "cut_count": 81
}