{
  "cut_timestamps": [
    0.6,
    1.1,
    1.533333,
    2.1,
    3.0,
    3.7,
    4.266667,
    5.566667,
    6.0,
    6.266667,
    6.7,
    10.2,
    11.133333,
    12.0,
    12.7,
    13.133333,
    13.9,
    14.3,
    14.566667,
    15.433333,
    16.466667,
    16.733333,
    17.3,
    17.966667,
    18.466667,
    18.833333,
    20.1,
    21.266667,
    22.6,
    23.166667,
    23.8,
    24.466667,
    24.833333,
    25.266667,
    25.633333,
    27.166667,
    27.833333,
    28.5,
    31.6,
    34.933333,
    36.6,
    38.9,
    41.166667,
    44.3,
    47.633333,
    48.433333,
    48.833333,
    49.7,
    50.8,
    53.366667,
    55.9,
    57.2,
    58.633333,
    60.166667,
    61.633333,
    62.9,
    66.333333,
    67.166667,
    67.666667,
    69.266667,
    70.166667,
    71.333333,
    72.133333,
    73.1,
    82.5,
    83.833333,
    84.566667,
    85.233333,
    85.466667,
    86.033333,
    86.9,
    87.533333,
    87.9,
    88.433333,
    89.933333,
    91.566667,
    92.733333,
    93.466667,
    94.666667,
    96.066667,
    96.966667,
    99.333333,
    102.566667,
    103.166667,
    105.366667,
    105.9,
    117.7,
    118.833333,
    119.233333,
    119.7,
    120.1,
    120.566667,
    121.066667,
    121.6,
    122.733333
  ],
  "cut_count": 95
}