{
  "cut_timestamps": [
    0.567234,
    1.134468,
    1.468135,
    2.902903,
    3.470137,
    4.104104,
    4.871538,
    5.572239,
    6.539873,
    7.240574,
    7.640974,
    8.641975,
    9.242576,
    10.243577,
    10.744077,
    12.212212,
    12.712713,
    13.847181,
    16.149483,
    17.050384,
    17.817818,
    19.71972,
    22.122122,
    25.458792,
    25.825826,
    26.926927,
    28.061395,
    32.732733,
    33.199867,
    34.868202,
    36.770103,
    37.137137,
    41.741742,
    42.042042,
    43.309977,
    44.377711,
    47.313981,
    49.049049,
    49.883217,
    51.151151,
    52.919586,
    53.920587,
    55.855856,
    56.72339,
    57.357357,
    58.458458,
    59.426093,
    59.75976,
    61.161161,
    61.394728,
    64.431098,
    67.200534,
    67.500834,
    74.140807,
    74.708041,
    75.308642,
    75.842509,
    76.74341,
    77.410744,
    77.777778,
    78.912246,
    79.546213,
    81.648315,
    84.884885,
    85.285285,
    98.098098,
    98.965632,
    99.232566,
    100.467134,
    101.534868,
    103.23657,
    104.337671,
    105.772439,
    106.940274,
    107.774441,
    108.341675,
    110.243577,
    111.111111
  ],
  "cut_count": 78
}