{
  "cut_timestamps": [
    0.533333,
    1.033333,
    1.3,
    1.833333,
    2.033333,
    3.133333,
    3.5,
    4.066667,
    4.6,
    4.933333,
    5.2,
    5.966667,
    6.933333,
    7.933333,
    9.133333,
    9.766667,
    11.066667,
    12.0,
    13.2,
    14.166667,
    17.266667,
    18.633333,
    19.4,
    20.2,
    22.066667,
    23.666667,
    25.0,
    26.066667,
    27.333333,
    28.933333,
    29.566667,
    30.166667,
    33.633333,
    35.233333,
    37.366667,
    37.8,
    40.3,
    46.5,
    46.9,
    47.366667,
    49.533333,
    50.266667,
    53.566667,
    56.333333,
    59.9,
    61.666667,
    64.6,
    65.0,
    68.2,
    68.866667,
    73.133333,
    74.1,
    74.966667,
    78.3,
    79.333333,
    79.733333,
    80.866667,
    81.9,
    87.333333,
    88.433333,
    89.1,
    90.366667,
    92.433333,
    92.966667,
    95.4,
    96.266667,
    97.3,
    100.633333,
    101.266667,
    101.833333,
    102.233333,
    103.566667,
    104.466667,
    107.766667,
    108.3,
    109.866667,
    112.4,
    112.933333,
    113.533333,
    113.866667,
    117.7,
    118.766667,
    119.666667,
    120.3,
    120.733333,
    122.333333,
    124.2,
    125.2
  ],
  "cut_count": 88
}