{
  "cut_timestamps": [
    0.466667,
    2.233333,
    2.7,
    4.133333,
    5.033333,
    5.666667,
    6.7,
    7.3,
    8.066667,
    8.466667,
    9.066667,
    9.733333,
    11.233333,
    12.4,
    12.9,
    13.4,
    13.733333,
    14.266667,
    14.9,
    15.3,
    16.066667,
    16.7,
    17.466667,
    18.933333,
    19.866667,
    20.8,
    22.733333,
    24.633333,
    25.666667,
    26.133333,
    26.933333,
    27.8,
    28.9,
    34.833333,
    35.5,
    36.6,
    38.433333,
    38.966667,
    39.833333,
    45.666667,
    46.7,
    47.233333,
    48.0,
    54.5,
    55.633333,
    58.566667,
    58.866667,
    66.433333,
    67.633333,
    68.0,
    70.733333,
    71.966667,
    74.2,
    74.866667,
    75.2,
    78.4,
    80.8,
    81.466667,
    83.133333,
    83.533333,
    87.6,
    88.066667,
    90.366667,
    91.533333,
    92.833333,
    93.366667,
    94.366667,
    96.066667,
    97.033333,
    97.633333,
    98.4,
    100.7,
    101.833333,
    103.133333,
    103.533333,
    107.466667,
    108.1,
    117.466667,
    118.2,
    118.833333,
    119.466667,
    120.333333,
    121.566667
  ],
  "cut_count": 83
}