{
  "cut_timestamps": [
    0.633967,
    1.267935,
    1.668335,
    1.935269,
    2.569236,
    3.13647,
    3.770437,
    4.571238,
    5.205205,
    5.705706,
    6.57324,
    7.607608,
    8.441775,
    8.842176,
    9.275943,
    9.60961,
    10.643977,
    11.177845,
    12.012012,
    12.479146,
    13.713714,
    14.147481,
    15.081748,
    15.582249,
    16.38305,
    17.250584,
    18.218218,
    19.71972,
    20.520521,
    21.554888,
    22.122122,
    23.990657,
    24.657991,
    25.125125,
    26.026026,
    27.794461,
    28.962296,
    30.764097,
    32.9663,
    36.20287,
    37.270604,
    38.538539,
    39.73974,
    40.407074,
    43.109776,
    43.710377,
    44.177511,
    46.946947,
    47.547548,
    47.947948,
    48.615282,
    49.215883,
    49.74975,
    50.483817,
    51.451451,
    52.819486,
    53.853854,
    54.688021,
    55.121788,
    55.989323,
    56.489823,
    56.82349,
    57.490824,
    57.957958,
    58.591925,
    59.325993,
    60.06006,
    60.527194,
    63.09643,
    64.264264,
    66.4331,
    67.467467,
    68.401735,
    69.636303,
    71.304638,
    71.738405,
    72.172172,
    72.972973,
    74.741408,
    75.308642,
    76.34301,
    83.983984,
    87.387387,
    88.321655,
    89.122456,
    89.756423,
    90.423757,
    90.657324,
    91.491491,
    93.22656,
    94.327661,
    94.794795,
    95.161828
  ],
  "cut_count": 93
}