{
  "cut_timestamps": [
    2.002002,
    2.869536,
    3.803804,
    4.371038,
    4.971638,
    5.772439,
    8.208208,
    9.476143,
    10.243577,
    11.378045,
    12.345679,
    12.879546,
    13.279947,
    14.314314,
    15.181849,
    16.449783,
    17.017017,
    19.51952,
    20.32032,
    21.287955,
    24.124124,
    24.691358,
    25.258592,
    26.359693,
    26.860194,
    30.096763,
    42.142142,
    43.910577,
    44.811478,
    45.578912,
    46.479813,
    46.71338,
    55.088422,
    56.856857,
    63.897231,
    65.699032,
    74.274274,
    74.941608,
    75.542209,
    76.576577,
    77.711044,
    79.546213,
    81.815148,
    83.01635,
    103.43677,
    104.471138,
    105.005005,
    105.271939,
    105.739072,
    106.906907,
    107.674341,
    108.742075,
    109.542876,
    110.276944,
    110.877544,
    112.612613
  ],
  "cut_count": 56
}