{
  "cut_timestamps": [
    0.500501,
    0.967634,
    1.334668,
    1.701702,
    2.268936,
    2.669336,
    3.770437,
    4.371038,
    6.039373,
    6.539873,
    7.207207,
    7.741074,
    8.141475,
    8.708709,
    9.70971,
    10.11011,
    10.977644,
    11.544878,
    11.911912,
    12.312312,
    13.580247,
    14.180848,
    16.18285,
    16.98365,
    17.717718,
    19.61962,
    21.554888,
    23.089756,
    24.090757,
    26.826827,
    27.227227,
    32.198866,
    33.533534,
    34.467801,
    35.368702,
    39.305973,
    40.173507,
    44.144144,
    45.378712,
    51.985319,
    52.318986,
    53.219887,
    54.654655,
    60.994328,
    61.528195,
    67.801134,
    69.202536,
    71.771772,
    73.60694,
    74.441108,
    76.44311,
    79.946613,
    80.814147,
    82.782783,
    84.984985,
    85.919253,
    87.587588,
    88.988989,
    89.322656,
    90.357024,
    91.291291,
    93.360027,
    93.72706,
    109.409409,
    110.477144,
    110.944278,
    111.544878,
    111.911912,
    113.079746
  ],
  "cut_count": 69
}