{
  "cut_timestamps": [
    3.503504,
    4.004004,
    5.505506,
    5.939273,
    7.507508,
    8.074741,
    8.541875,
    8.842176,
    9.442776,
    10.076743,
    11.211211,
    11.811812,
    12.078745,
    16.28295,
    17.450784,
    18.485152,
    19.786453,
    20.920921,
    23.15649,
    24.624625,
    25.158492,
    27.827828,
    28.495162,
    30.196864,
    32.298966,
    36.670003,
    37.070404,
    39.906573,
    40.807474,
    41.975309,
    42.776109,
    44.811478,
    47.180514,
    48.314982,
    48.915582,
    49.315983,
    50.684017,
    60.894228,
    62.362362,
    65.265265,
    65.899233,
    66.8335,
    68.034701,
    68.468468,
    70.804137,
    73.907241,
    75.041708,
    83.950617,
    84.651318,
    85.318652,
    85.819152,
    86.419753,
    87.554221,
    88.555222,
    89.289289,
    95.295295,
    96.229563,
    97.297297,
    98.164831,
    100.3003,
    100.767434,
    102.369036,
    103.33667,
    103.937271,
    105.238572,
    106.17284,
    108.875542,
    110.744077
  ],
  "cut_count": 68
}