{
  "cut_timestamps": [
    0.566667,
    1.166667,
    1.666667,
    2.266667,
    3.0,
    3.933333,
    4.233333,
    5.966667,
    6.366667,
    7.7,
    8.333333,
    9.233333,
    9.966667,
    11.933333,
    13.033333,
    13.666667,
    15.9,
    18.366667,
    18.9,
    19.8,
    20.4,
    22.866667,
    23.4,
    23.666667,
    26.133333,
    31.333333,
    36.166667,
    37.433333,
    38.133333,
    46.533333,
    48.266667,
    48.933333,
    52.366667,
    54.533333,
    56.3,
    60.3,
    62.466667,
    62.8,
    66.966667,
    73.866667,
    74.366667,
    79.666667,
    80.433333,
    81.2,
    81.8,
    82.366667,
    83.266667,
    83.5,
    84.333333,
    85.433333,
    85.8,
    86.833333,
    88.9,
    92.9,
    98.433333,
    103.666667,
    108.4,
    110.466667,
    117.533333,
    117.766667,
    118.1,
    119.066667,
    119.766667,
    120.566667
  ],
  "cut_count": 64
}