{
  "cut_timestamps": [
    0.467134,
    1.001001,
    1.601602,
    2.102102,
    2.602603,
    4.504505,
    4.871538,
    5.638972,
    5.939273,
    8.808809,
    9.409409,
    10.877544,
    11.144478,
    14.180848,
    14.614615,
    14.914915,
    15.248582,
    15.915916,
    16.249583,
    16.716717,
    17.08375,
    17.484151,
    17.951285,
    18.518519,
    19.085752,
    20.620621,
    21.688355,
    22.122122,
    22.689356,
    23.55689,
    25.258592,
    25.825826,
    26.159493,
    29.896563,
    34.601268,
    37.237237,
    38.104771,
    39.472806,
    40.707374,
    41.307975,
    43.37671,
    44.177511,
    44.444444,
    45.445445,
    45.945946,
    46.379713,
    47.180514,
    48.314982,
    51.584918,
    52.052052,
    52.786119,
    53.119786,
    54.421088,
    55.021688,
    56.089423,
    56.72339,
    58.191525,
    58.792125,
    60.293627,
    61.494828,
    62.395729,
    62.729396,
    63.029696,
    63.39673,
    69.102436,
    69.602936,
    72.772773,
    74.107441,
    80.447114,
    83.149816,
    83.883884,
    86.119453,
    86.55322,
    89.68969,
    90.357024,
    91.458125,
    92.392392,
    94.994995,
    96.196196,
    97.697698,
    98.331665,
    98.965632,
    100.3003,
    101.101101,
    101.801802
  ],
  "cut_count": 85
}