{
  "cut_timestamps": [
    0.533867,
    1.034368,
    1.301301,
    1.735068,
    2.302302,
    2.769436,
    3.069736,
    5.338672,
    6.006006,
    6.37304,
    6.57324,
    6.97364,
    7.607608,
    8.274942,
    9.042376,
    9.576243,
    11.511512,
    12.712713,
    13.913914,
    15.081748,
    15.482149,
    16.349683,
    17.784451,
    19.119119,
    19.786453,
    21.588255,
    22.622623,
    23.15649,
    23.823824,
    24.491158,
    25.091758,
    25.859193,
    26.960294,
    27.594261,
    28.261595,
    28.695362,
    29.029029,
    29.963297,
    30.23023,
    30.630631,
    30.930931,
    32.9663,
    39.339339,
    42.475809,
    43.17651,
    45.712379,
    47.580914,
    48.048048,
    49.74975,
    50.950951,
    51.451451,
    51.951952,
    52.385719,
    52.88622,
    53.38672,
    53.887221,
    54.154154,
    56.489823,
    66.4331,
    68.134801,
    68.535202,
    68.935602,
    72.005339,
    73.540207,
    74.074074,
    75.108442,
    75.809142,
    78.078078,
    81.848515,
    83.483483,
    83.950617,
    84.184184,
    84.617951,
    86.319653,
    87.821154,
    89.98999,
    90.523857,
    91.391391,
    92.525859,
    93.159826,
    100.967634,
    101.468135,
    102.369036,
    103.53687,
    104.137471,
    104.437771,
    105.271939,
    105.638972,
    105.939273,
    106.439773,
    107.540874
  ],
  "cut_count": 91
}