{
  "cut_timestamps": [
    0.533333,
    0.966667,
    1.566667,
    2.266667,
    3.166667,
    3.833333,
    4.733333,
    5.5,
    5.866667,
    7.066667,
    7.933333,
    8.266667,
    8.766667,
    10.633333,
    11.866667,
    13.133333,
    14.366667,
    16.233333,
    17.6,
    18.7,
    19.166667,
    20.0,
    20.533333,
    21.333333,
    22.833333,
    23.566667,
    25.9,
    27.733333,
    34.133333,
    35.166667,
    36.2,
    36.566667,
    41.1,
    41.666667,
    42.466667,
    43.266667,
    44.033333,
    46.133333,
    67.2,
    68.0,
    70.466667,
    74.8,
    79.766667,
    80.966667,
    81.566667,
    82.4,
    83.033333,
    83.566667,
    84.2,
    86.666667,
    87.466667,
    88.133333,
    89.966667,
    93.433333,
    105.033333,
    105.5,
    107.266667,
    107.766667,
    108.466667,
    109.866667,
    110.8,
    111.533333,
    118.4,
    119.566667,
    120.466667,
    121.866667
  ],
  "cut_count": 66
}