{
  "cut_timestamps": [
    0.566667,
    1.0,
    1.3,
    1.766667,
    2.1,
    2.533333,
    2.966667,
    3.433333,
    4.2,
    4.633333,
    5.266667,
    5.7,
    6.166667,
    6.933333,
    8.633333,
    9.466667,
    9.666667,
    10.366667,
    10.8,
    11.3,
    11.8,
    12.166667,
    13.066667,
    13.433333,
    14.066667,
    15.366667,
    16.633333,
    17.933333,
    18.633333,
    19.666667,
    20.5,
    22.833333,
    23.7,
    25.533333,
    26.533333,
    27.2,
    27.966667,
    28.966667,
    29.966667,
    30.933333,
    32.866667,
    33.7,
    34.166667,
    34.566667,
    36.233333,
    38.133333,
    39.366667,
    40.733333,
    41.633333,
    42.733333,
    45.533333,
    52.966667,
    54.7,
    55.466667,
    56.4,
    58.866667,
    60.566667,
    61.7,
    62.966667,
    66.833333,
    67.566667,
    69.766667,
    74.533333,
    81.4,
    82.1,
    82.8,
    83.333333,
    85.533333,
    87.766667,
    93.9,
    96.333333,
    97.3,
    97.7,
    98.2,
    99.866667,
    100.3,
    101.233333,
    101.966667,
    102.733333,
    103.6,
    104.266667,
    109.9,
    111.6,
    114.666667,
    116.233333,
    117.133333,
    117.8,
    118.6,
    119.333333,
    120.133333,
    121.233333,
    121.633333
  ],
  "cut_count": 92
}