{
  "cut_timestamps": [
    0.500501,
    1.101101,
    1.801802,
    2.202202,
    3.403403,
    4.004004,
    4.371038,
    5.672339,
    7.440774,
    8.308308,
    9.142476,
    9.743076,
    11.211211,
    13.013013,
    15.582249,
    16.48315,
    17.183851,
    17.817818,
    18.718719,
    19.51952,
    20.186854,
    21.287955,
    21.988655,
    23.189857,
    23.823824,
    24.691358,
    25.058392,
    25.759092,
    26.29296,
    27.060394,
    28.061395,
    29.462796,
    31.031031,
    32.832833,
    34.000667,
    34.434434,
    34.934935,
    35.669002,
    36.436436,
    39.773106,
    45.245245,
    48.581915,
    51.117784,
    53.319987,
    54.254254,
    55.155155,
    58.458458,
    61.361361,
    62.095429,
    63.363363,
    64.431098,
    65.065065,
    66.700033,
    71.805138,
    72.372372,
    73.80714,
    74.507841,
    83.21655,
    85.819152,
    89.88989,
    90.724057,
    92.025359,
    92.625959,
    95.495495,
    103.670337,
    106.606607,
    107.607608,
    108.508509,
    109.009009,
    109.576243,
    110.443777,
    111.444778,
    112.278946
  ],
  "cut_count": 73
}