{
  "cut_timestamps": [
    0.500501,
    1.034368,
    1.401401,
    1.801802,
    2.235569,
    2.769436,
    3.43677,
    4.938272,
    5.472139,
    5.905906,
    6.539873,
    7.874541,
    8.708709,
    9.075742,
    11.111111,
    11.745078,
    12.879546,
    13.44678,
    14.414414,
    15.248582,
    15.982649,
    16.750083,
    17.784451,
    20.02002,
    21.855189,
    22.489156,
    22.922923,
    23.923924,
    24.891558,
    25.558892,
    26.259593,
    28.561895,
    34.601268,
    35.535536,
    36.670003,
    37.504171,
    37.904571,
    39.83984,
    43.27661,
    43.610277,
    43.877211,
    45.612279,
    50.617284,
    51.518185,
    56.22289,
    56.82349,
    57.490824,
    58.558559,
    59.025692,
    59.726393,
    69.135802,
    69.903237,
    70.637304,
    72.038705,
    76.376376,
    76.74341,
    89.089089,
    91.124458,
    102.502503,
    103.269937,
    103.837171,
    104.971638,
    105.872539,
    106.139473,
    107.140474,
    107.841175,
    108.641975,
    109.743076
  ],
  "cut_count": 68
}