{
  "cut_timestamps": [
    0.533333,
    1.0,
    1.7,
    2.3,
    2.733333,
    3.9,
    4.3,
    7.433333,
    8.1,
    9.133333,
    9.866667,
    11.633333,
    11.966667,
    12.633333,
    13.066667,
    13.5,
    14.5,
    18.166667,
    19.133333,
    19.9,
    20.833333,
    21.333333,
    21.966667,
    24.1,
    25.966667,
    26.333333,
    35.466667,
    36.366667,
    37.0,
    41.666667,
    42.033333,
    48.033333,
    50.833333,
    53.466667,
    58.233333,
    59.8,
    60.233333,
    60.933333,
    63.166667,
    72.233333,
    85.066667,
    86.633333,
    87.833333,
    88.466667,
    90.333333,
    90.666667,
    91.8,
    93.133333,
    94.033333,
    94.666667,
    97.8,
    100.8,
    101.266667,
    103.066667,
    111.1,
    126.333333,
    127.333333,
    127.766667,
    128.266667,
    129.033333,
    129.966667,
    131.066667
  ],
  "cut_count": 62
}