{
  "cut_timestamps": [
    0.666667,
    1.166667,
    1.366667,
    1.733333,
    2.1,
    2.9,
    3.933333,
    4.666667,
    5.066667,
    5.933333,
    7.3,
    7.733333,
    8.233333,
    9.7,
    11.0,
    11.933333,
    12.633333,
    12.933333,
    13.633333,
    14.033333,
    15.5,
    15.966667,
    17.2,
    18.0,
    19.4,
    20.6,
    21.9,
    22.233333,
    23.333333,
    24.466667,
    25.6,
    26.533333,
    27.0,
    29.066667,
    29.933333,
    31.233333,
    33.166667,
    34.1,
    35.366667,
    35.833333,
    36.3,
    37.4,
    38.166667,
    38.466667,
    39.766667,
    40.8,
    42.133333,
    42.9,
    43.633333,
    44.266667,
    44.966667,
    45.8,
    46.8,
    47.3,
    47.6,
    48.2,
    48.8,
    49.166667,
    49.566667,
    50.233333,
    51.066667,
    51.7,
    52.233333,
    53.0,
    53.3,
    55.233333,
    56.166667,
    58.333333,
    59.0,
    59.566667,
    61.133333,
    63.3,
    63.833333,
    64.8,
    66.833333,
    68.9,
    70.533333,
    71.766667,
    72.366667,
    74.533333,
    74.966667,
    76.933333,
    77.3,
    79.066667,
    79.566667,
    79.8,
    80.433333,
    81.833333,
    84.966667,
    86.666667,
    93.033333,
    94.033333,
    95.733333,
    96.733333,
    97.133333,
    97.666667,
    100.433333,
    101.066667,
    102.533333,
    104.633333,
    105.933333,
    106.7,
    107.6,
    109.0,
    109.833333,
    110.766667,
    112.066667,
    113.1,
    114.7,
    116.266667,
    116.6,
    118.566667,
    121.666667,
    122.766667,
    123.633333,
    124.133333,
    124.833333,
    125.333333,
    125.733333,
    126.233333,
    127.833333,
    128.133333
  ],
  "cut_count": 122
}