{
  "cut_timestamps": [
    0.533333,
    1.266667,
    1.766667,
    2.333333,
    3.3,
    4.0,
    5.466667,
    6.8,
    8.3,
    9.566667,
    10.466667,
    10.966667,
    11.3,
    13.0,
    16.566667,
    17.033333,
    19.366667,
    20.1,
    20.666667,
    21.333333,
    22.233333,
    22.766667,
    23.433333,
    23.7,
    24.9,
    25.733333,
    28.333333,
    28.933333,
    29.333333,
    29.7,
    30.4,
    30.966667,
    31.5,
    33.166667,
    36.366667,
    37.433333,
    37.933333,
    38.366667,
    39.333333,
    40.766667,
    42.933333,
    43.6,
    44.633333,
    45.133333,
    45.766667,
    46.5,
    48.166667,
    49.733333,
    56.1,
    56.833333,
    60.233333,
    61.266667,
    63.333333,
    64.1,
    64.466667,
    66.733333,
    90.0,
    91.4,
    91.866667,
    92.9,
    99.033333,
    100.1,
    101.033333,
    101.266667,
    101.666667,
    102.433333,
    102.766667,
    104.733333,
    105.233333,
    107.433333,
    113.366667,
    115.266667,
    116.0,
    116.533333,
    117.333333,
    117.666667,
    117.933333,
    118.666667,
    119.366667,
    120.766667,
    121.766667,
    122.466667,
    123.3,
    123.8,
    127.066667,
    128.033333,
    128.9,
    129.9,
    130.166667,
    131.066667,
    131.533333,
    132.466667,
    133.133333,
    133.5
  ],
  "cut_count": 94
}