{
  "cut_timestamps": [
    0.6,
    1.4,
    1.766667,
    2.333333,
    2.766667,
    3.7,
    4.133333,
    6.1,
    6.9,
    7.4,
    8.866667,
    9.533333,
    10.4,
    12.466667,
    13.466667,
    15.733333,
    16.833333,
    17.466667,
    18.666667,
    20.133333,
    22.166667,
    23.3,
    23.733333,
    24.5,
    25.0,
    25.7,
    26.433333,
    26.833333,
    27.333333,
    27.9,
    28.366667,
    30.033333,
    30.966667,
    32.333333,
    32.666667,
    33.166667,
    34.733333,
    35.466667,
    37.7,
    38.066667,
    39.4,
    40.8,
    41.5,
    42.333333,
    42.766667,
    45.433333,
    50.4,
    51.7,
    52.033333,
    52.633333,
    53.2,
    54.0,
    54.333333,
    56.433333,
    57.833333,
    59.5,
    60.166667,
    60.633333,
    62.266667,
    64.0,
    64.9,
    65.6,
    66.233333,
    67.333333,
    67.766667,
    68.933333,
    69.3,
    70.1,
    70.466667,
    70.866667,
    73.366667,
    76.766667,
    77.9,
    79.266667,
    80.133333,
    83.466667,
    84.3,
    85.3,
    86.466667,
    87.133333,
    89.933333,
    95.4,
    107.233333,
    109.933333,
    110.766667,
    111.2,
    112.033333,
    112.8,
    114.033333,
    116.766667,
    118.2,
    118.733333,
    120.233333,
    121.133333,
    122.066667,
    123.3,
    123.766667,
    124.066667,
    124.4
  ],
  "cut_count": 99
}