{
  "cut_timestamps": [
    0.500501,
    1.301301,
    1.701702,
    2.369036,
    2.93627,
    3.73707,
    4.204204,
    5.538872,
    6.47314,
    6.940274,
    7.307307,
    8.541875,
    9.342676,
    9.70971,
    11.778445,
    12.412412,
    14.547881,
    16.750083,
    21.321321,
    22.088755,
    25.458792,
    27.861195,
    28.595262,
    29.195863,
    30.530531,
    31.498165,
    31.931932,
    32.999666,
    34.567901,
    35.135135,
    35.568902,
    37.137137,
    38.405072,
    39.906573,
    40.24024,
    45.712379,
    45.945946,
    57.090424,
    58.391725,
    59.292626,
    60.293627,
    60.794127,
    61.361361,
    74.441108,
    77.377377,
    78.878879,
    81.715048,
    84.584585,
    85.385385,
    86.086086,
    86.75342,
    87.554221,
    88.254922,
    88.922256,
    90.056723,
    90.590591,
    91.691692,
    93.793794,
    94.594595,
    97.864531,
    98.965632,
    105.505506,
    106.539873,
    107.407407,
    107.807808,
    108.241575,
    109.209209,
    110.477144,
    111.378045,
    112.112112,
    112.645979
  ],
  "cut_count": 71
}