{
  "cut_timestamps": [
    0.800801,
    1.701702,
    2.068735,
    2.469136,
    2.802803,
    6.406406,
    7.240574,
    8.541875,
    9.943277,
    10.844178,
    11.211211,
    11.611612,
    12.045379,
    14.414414,
    14.781448,
    16.38305,
    18.985652,
    24.090757,
    35.001668,
    37.137137,
    37.537538,
    38.638639,
    42.87621,
    45.845846,
    62.629296,
    74.541208,
    75.075075,
    75.742409,
    76.509843,
    76.976977,
    77.610944,
    78.378378,
    79.946613,
    92.125459,
    92.692693,
    95.762429,
    97.06373,
    97.764431,
    98.865532,
    99.8999
  ],
  "cut_count": 40
}