{
  "cut_timestamps": [
    0.567234,
    3.770437,
    5.238572,
    5.572239,
    6.039373,
    6.639973,
    7.107107,
    8.408408,
    8.875542,
    9.642976,
    10.510511,
    11.544878,
    12.178846,
    13.14648,
    14.080747,
    15.181849,
    15.715716,
    16.516517,
    17.217217,
    17.450784,
    18.351685,
    18.985652,
    19.452786,
    20.987654,
    21.788455,
    22.555889,
    25.692359,
    26.79346,
    28.361695,
    28.795462,
    30.764097,
    31.898565,
    32.399066,
    33.633634,
    34.200868,
    35.001668,
    36.102769,
    37.370704,
    39.172506,
    41.207875,
    45.912579,
    49.816483,
    51.418085,
    52.452452,
    53.253253,
    56.089423,
    71.705038,
    72.372372,
    73.00634,
    73.273273,
    73.573574,
    74.674675,
    75.308642,
    76.009343,
    77.210544,
    77.477477,
    77.777778,
    78.211545,
    79.079079,
    80.28028,
    80.914248,
    81.281281,
    81.981982,
    83.550217,
    86.219553,
    86.786787,
    87.15382,
    88.054721,
    89.88989,
    95.829162,
    96.696697,
    97.430764,
    98.665332,
    99.632966,
    100.1001,
    101.101101,
    102.202202,
    102.83617,
    103.23657,
    103.870537,
    104.804805,
    105.005005,
    105.271939,
    106.072739,
    109.009009,
    109.90991,
    110.243577,
    111.177845
  ],
  "cut_count": 88
}