{
  "cut_timestamps": [
    0.566667,
    1.166667,
    1.633333,
    2.166667,
    2.566667,
    2.933333,
    3.266667,
    4.133333,
    4.533333,
    5.433333,
    5.833333,
    6.466667,
    7.233333,
    8.1,
    9.333333,
    10.3,
    11.133333,
    11.5,
    11.866667,
    12.2,
    12.566667,
    13.4,
    13.7,
    15.4,
    15.9,
    16.7,
    17.3,
    18.133333,
    19.533333,
    20.333333,
    21.4,
    21.866667,
    24.066667,
    25.1,
    26.066667,
    26.766667,
    29.2,
    30.333333,
    31.333333,
    32.6,
    37.766667,
    40.266667,
    41.333333,
    43.933333,
    52.233333,
    57.833333,
    61.266667,
    63.2,
    65.966667,
    68.566667,
    69.333333,
    74.666667,
    75.566667,
    78.533333,
    80.266667,
    81.6,
    84.566667,
    85.466667,
    88.066667,
    90.1,
    93.733333,
    94.3,
    96.866667,
    97.5,
    98.933333,
    100.1,
    102.666667,
    103.1,
    104.266667,
    105.266667,
    106.666667,
    107.1,
    112.7,
    113.433333,
    113.7,
    117.133333,
    118.066667,
    118.2,
    119.0,
    119.7,
    120.466667
  ],
  "cut_count": 81
}