{
  "cut_timestamps": [
    0.666667,
    1.233333,
    1.533333,
    2.066667,
    2.5,
    2.833333,
    3.9,
    4.933333,
    5.466667,
    6.6,
    7.0,
    7.866667,
    8.533333,
    9.2,
    10.966667,
    11.366667,
    14.4,
    16.466667,
    17.266667,
    18.6,
    19.433333,
    20.1,
    20.766667,
    22.3,
    24.166667,
    27.4,
    27.866667,
    28.533333,
    29.333333,
    30.166667,
    30.833333,
    31.4,
    31.966667,
    32.866667,
    33.833333,
    34.166667,
    35.7,
    36.266667,
    39.233333,
    45.166667,
    50.133333,
    53.433333,
    54.166667,
    55.633333,
    69.466667,
    70.3,
    91.066667,
    91.433333,
    92.166667,
    92.466667,
    92.666667,
    93.233333,
    93.633333,
    95.333333,
    95.933333,
    96.733333,
    97.6,
    98.866667,
    101.0,
    110.0,
    111.366667,
    112.933333,
    113.133333,
    125.766667,
    126.866667,
    128.033333,
    128.566667,
    128.8,
    129.233333
  ],
  "cut_count": 69
}