{
  "cut_timestamps": [
    0.433767,
    0.900901,
    1.568235,
    2.002002,
    2.435769,
    3.303303,
    3.603604,
    4.204204,
    4.671338,
    5.005005,
    5.672339,
    6.57324,
    7.040374,
    7.874541,
    8.241575,
    9.109109,
    10.844178,
    11.311311,
    11.678345,
    12.045379,
    13.04638,
    14.180848,
    14.948282,
    15.382049,
    16.049383,
    16.68335,
    17.884551,
    18.351685,
    19.119119,
    19.352686,
    19.652986,
    20.587254,
    21.021021,
    21.821822,
    22.255589,
    23.089756,
    23.590257,
    24.057391,
    24.958292,
    28.061395,
    29.429429,
    29.696363,
    30.497164,
    31.431431,
    31.698365,
    32.265599,
    37.604271,
    47.714381,
    50.684017,
    54.120787,
    54.988322,
    60.593927,
    60.960961,
    61.294628,
    61.628295,
    62.028695,
    63.229897,
    67.200534,
    73.239907,
    74.040707,
    81.114448,
    83.249917,
    83.883884,
    86.519853,
    88.254922,
    90.19019,
    90.590591,
    91.358025,
    92.392392,
    95.428762,
    102.93627,
    103.73707,
    104.671338,
    105.005005,
    105.405405,
    106.039373,
    106.306306,
    107.007007,
    107.574241,
    108.308308
  ],
  "cut_count": 80
}