{
  "cut_timestamps": [
    0.567234,
    1.201201,
    1.434768,
    2.235569,
    2.669336,
    3.169837,
    3.63697,
    4.137471,
    4.604605,
    6.039373,
    6.406406,
    7.707708,
    8.108108,
    8.375042,
    8.708709,
    9.109109,
    9.80981,
    10.076743,
    11.077744,
    12.012012,
    13.24658,
    14.647981,
    15.348682,
    15.849183,
    16.316316,
    17.350684,
    19.486153,
    20.520521,
    21.688355,
    22.322322,
    23.45679,
    23.890557,
    24.624625,
    25.492159,
    25.859193,
    26.29296,
    28.661995,
    30.997664,
    33.633634,
    33.900567,
    34.768101,
    36.236236,
    44.044044,
    45.311979,
    48.415082,
    49.149149,
    50.550551,
    51.351351,
    51.785118,
    53.353353,
    54.454454,
    58.324992,
    59.893227,
    61.327995,
    62.796129,
    63.763764,
    66.099433,
    67.467467,
    68.435102,
    71.338005,
    73.373373,
    74.274274,
    79.67968,
    80.213547,
    82.048715,
    83.483483,
    84.484484,
    86.052719,
    88.154821,
    88.488488,
    90.023357,
    92.792793,
    93.12646,
    93.460127,
    93.860527,
    94.594595,
    94.828161,
    98.198198,
    99.232566,
    100.166834,
    100.667334,
    101.134468,
    103.370037,
    108.274942,
    109.175843,
    109.442776,
    111.478145
  ],
  "cut_count": 87
}