{
  "cut_timestamps": [
    0.533333,
    1.2,
    1.5,
    1.966667,
    2.466667,
    5.633333,
    6.133333,
    6.566667,
    8.066667,
    10.133333,
    11.2,
    12.633333,
    14.5,
    16.166667,
    16.6,
    18.2,
    19.2,
    19.5,
    20.033333,
    22.266667,
    23.7,
    24.0,
    25.1,
    26.833333,
    27.633333,
    28.4,
    29.166667,
    29.566667,
    30.233333,
    30.9,
    31.533333,
    32.933333,
    34.033333,
    37.0,
    37.333333,
    38.966667,
    41.3,
    83.533333,
    85.133333,
    85.433333,
    88.133333,
    115.266667,
    119.8,
    121.766667,
    122.766667,
    136.166667,
    136.866667,
    137.8,
    138.266667
  ],
  "cut_count": 49
}