{
  "cut_timestamps": [
    0.500501,
    1.001001,
    1.267935,
    1.568235,
    1.901902,
    2.168836,
    2.435769,
    2.736069,
    3.169837,
    3.937271,
    4.304304,
    4.871538,
    5.372039,
    7.007007,
    7.273941,
    9.342676,
    10.810811,
    11.544878,
    12.479146,
    12.912913,
    14.214214,
    15.315315,
    15.648982,
    16.149483,
    16.850184,
    17.684351,
    18.018018,
    18.351685,
    18.818819,
    20.353687,
    20.653987,
    21.221221,
    22.288956,
    23.189857,
    24.324324,
    25.291959,
    26.426426,
    28.828829,
    30.263597,
    42.075409,
    46.279613,
    47.714381,
    48.348348,
    49.449449,
    60.994328,
    65.899233,
    66.366366,
    67.067067,
    69.76977,
    71.838505,
    82.816149,
    83.41675,
    84.117451,
    84.651318,
    85.185185,
    85.819152,
    86.586587,
    88.321655,
    113.24658,
    114.080747,
    114.848182,
    115.248582,
    115.548882,
    116.149483
  ],
  "cut_count": 64
}