{
  "cut_timestamps": [
    0.467134,
    0.967634,
    1.334668,
    2.035369,
    5.105105,
    6.906907,
    8.274942,
    9.042376,
    9.542876,
    10.877544,
    11.578245,
    12.412412,
    13.980647,
    14.381048,
    14.981648,
    15.982649,
    16.416416,
    16.78345,
    17.650984,
    18.251585,
    18.718719,
    19.352686,
    19.71972,
    20.387054,
    20.854188,
    21.354688,
    22.155489,
    22.422422,
    23.623624,
    24.024024,
    24.891558,
    26.226226,
    28.628629,
    30.497164,
    30.797464,
    38.338338,
    40.273607,
    43.877211,
    44.511178,
    46.81348,
    47.213881,
    49.049049,
    49.983317,
    52.852853,
    53.553554,
    54.320988,
    55.088422,
    56.022689,
    56.756757,
    57.12379,
    58.224892,
    59.225893,
    60.393727,
    61.528195,
    63.09643,
    64.497831,
    68.134801,
    69.336003,
    70.503837,
    71.338005,
    78.078078,
    79.212546,
    80.38038,
    81.815148,
    82.382382,
    83.783784,
    84.117451,
    87.587588,
    88.555222,
    90.957624,
    91.491491,
    92.192192,
    92.826159,
    93.893894,
    95.128462,
    95.462129,
    96.629963,
    96.996997,
    98.031365,
    99.666333,
    106.27294,
    107.273941,
    107.874541,
    108.141475,
    109.309309,
    110.076743
  ],
  "cut_count": 86
}