{
  "cut_timestamps": [
    0.866667,
    4.633333,
    6.733333,
    8.033333,
    8.5,
    9.866667,
    10.733333,
    12.0,
    12.366667,
    13.866667,
    23.133333,
    24.6,
    24.733333,
    25.133333,
    25.533333,
    28.366667,
    31.766667,
    33.033333,
    33.366667,
    35.266667,
    38.2,
    39.533333,
    40.366667,
    41.566667,
    44.3,
    55.066667,
    59.2,
    61.466667,
    64.666667,
    72.533333,
    79.333333,
    83.466667,
    84.133333,
    84.966667,
    85.366667,
    86.533333,
    86.866667,
    87.2,
    88.2,
    88.566667,
    92.266667,
    94.2,
    100.0,
    100.366667,
    104.6,
    113.8,
    114.7,
    115.166667,
    115.733333,
    116.1,
    116.366667
  ],
  "cut_count": 51
}