{
  "cut_timestamps": [
    0.566667,
    1.033333,
    2.3,
    2.566667,
    3.166667,
    3.833333,
    8.066667,
    9.433333,
    10.7,
    11.033333,
    12.066667,
    12.833333,
    13.866667,
    15.0,
    15.633333,
    16.366667,
    17.866667,
    19.0,
    19.366667,
    21.1,
    22.533333,
    28.166667,
    33.6,
    34.166667,
    42.766667,
    46.9,
    48.9,
    49.566667,
    50.333333,
    51.633333,
    51.966667,
    52.866667,
    54.933333,
    61.033333,
    62.8,
    66.4,
    66.666667,
    67.1,
    68.466667,
    74.266667,
    75.566667,
    75.933333,
    77.5,
    77.933333,
    79.2,
    86.033333,
    86.8,
    89.733333,
    90.833333,
    104.833333,
    105.5,
    105.933333,
    107.666667,
    123.866667,
    124.733333,
    125.266667,
    125.5
  ],
  "cut_count": 57
}